{"cameraMode":{"drawMode":0,"name":"Shaded","section":"Shading Mode"},"sceneLighting":true,"audioPlay":false,"sceneViewState":{"showFog":true,"showMaterialUpdate":false,"showSkybox":true,"showFlares":true,"showImageEffects":true,"showParticleSystems":true},"in2DMode":false,"pivot":{"x":14.938188552856446,"y":6.483805179595947,"z":-12.907525062561036},"rotation":{"x":-0.2698909640312195,"y":0.3016727864742279,"z":-0.0894697979092598,"w":-0.9100320339202881},"size":2.8578836917877199,"orthographic":false}